x,y,phi_deg,sigma_dBsm,rho
8.990672346345768,0.0,0.0,2.137890103645332,8.990672346345768
18.034477631073035,0.5696062025040182,1.8090452261306533,11.190688450367588,18.043470693068024
23.36921748930662,1.4776744448427441,3.6180904522613067,16.563106547338172,23.415888790038608
26.29865220782886,2.498521637495844,5.42713567839196,19.56429023555454,26.417072478254976
27.82966646834048,3.533560119727914,7.236180904522613,21.200317102270454,28.05309934497089
28.302804037019484,4.505627748801449,9.045226130653267,21.806411705641796,28.65919394834223
27.85576469337292,5.341121771666518,10.85427135678392,21.510419417766798,28.363201660467233
26.59650396058608,5.975890476711496,12.663316582914574,20.40680854504108,27.259590787741516
24.810716105395716,6.403720462456152,14.472361809045227,18.771020547358304,25.62380279005874
23.28473809247441,6.8007324833864,16.281407035175878,17.404773082305333,24.257555325005768
22.854261728825847,7.46570911713252,18.090452261306535,17.189973252277866,24.0427554949783
23.036532955329918,8.33887999745725,19.899497487437184,17.646580406437888,24.499362649138323
22.927545113811863,9.127938395027082,21.70854271356784,17.82497260431285,24.677754847013286
22.24131858155417,9.678919792823958,23.51758793969849,17.403304428527186,24.25608667122762
21.16780510208663,10.018016430142781,25.326633165829147,16.565941591755948,23.418723834456383
20.25955772363562,10.383263879210888,27.135678391959797,15.91258285304642,22.765365095746855
20.12452926704524,11.129841552050271,28.944723618090453,16.144392609744052,22.997174852444488
20.720288308578038,12.329121588321067,30.753768844221106,17.258161055524134,24.11094329822457
21.517224439963076,13.741170616071388,32.562814070351756,18.677801720454973,25.530583963155408
22.134829666415037,15.140071164342391,34.37185929648241,19.964608369038043,26.817390611738478
22.412716810212892,16.39216087845133,36.18090452261307,20.9146953719449,27.767477614645337
22.31150147534886,17.425353685802367,37.98994974874372,21.45704024278683,28.309822485487267
21.886540032537557,18.23452727993077,39.79899497487437,21.634383634557494,28.48716587725793
21.31586277075328,18.930458292594487,41.608040201005025,21.655606993263863,28.508389235964298
20.898461400714098,19.774500617435294,43.41708542713568,21.91832415914108,28.771106401841514
20.852606030144273,21.01785807212103,45.22613065326633,22.754337444770556,29.60711968747099
21.060084463103102,22.611992068218132,47.03517587939698,24.047530747400433,30.90031299010087
21.22815552198338,24.286522279981934,48.84422110552764,25.403531113316745,32.25631335601718
21.166606120459498,25.817546417532213,50.653266331658294,26.532407852311813,33.38519009501225
20.816717974807393,27.09195761214042,52.46231155778895,27.313135197062287,34.16591743976272
20.186304098911872,28.06259981223436,54.27135678391959,27.715937452934263,34.5687196956347
19.306606440152287,28.71004351903953,56.08040201005025,27.745073920652715,34.59785616335315
18.2149026373328,29.025165967884906,57.88944723618091,27.414446089202592,34.26722833190303
16.95052468487354,29.00559446054129,59.698492462311556,26.742526910541343,33.59530915324178
15.559409621797371,28.66586030388898,61.50753768844221,25.763575229294485,32.61635747199492
14.109553110861972,28.07396285861624,63.31658291457286,24.567384522853164,31.4201667655536
12.721386609675232,27.43801134143958,65.12562814070351,23.390864092452198,30.243646335152633
11.581165085532087,27.197257225568627,66.93467336683418,22.707565950987885,29.56034819368832
10.816154766043288,27.804671461881362,68.74371859296483,22.98157645706318,29.834358699763616
10.30949046719545,29.19852921132479,70.55276381909549,24.11235463408054,30.965136876780974
9.833970481278202,30.929058013978498,72.36180904522614,25.602011009740696,32.454793252441135
9.259115724862463,32.65760370681056,74.17085427135677,27.09203037833906,33.944812621039496
8.550205052077333,34.24181945424327,75.97989949748744,28.44039281947783,35.293175062178264
7.712538816729671,35.638611581202944,77.78894472361809,29.610814541426805,36.46359678412724
6.762659800661591,36.83955647453146,79.59798994974874,30.602344092951903,37.45512633565234
5.718837429304309,37.845478917909475,81.4070351758794,31.422345138782468,38.2751273814829
4.598734660768411,38.658426570856214,83.21608040201005,32.07821190610643,38.93099414880687
3.4191790123321777,39.27977886062171,85.0251256281407,32.575530077987565,39.428312320688
2.196387672582361,39.71018147888816,86.83417085427136,32.91809443728368,39.77087667998411
0.9462029261258998,39.94983984878515,88.64321608040201,33.10826133627772,39.961043578978156
-0.3157346763885324,39.998753875766255,90.45226130653266,33.147217757299565,40.0
-1.5738565403958686,39.85683065026484,92.26130653266331,33.03511033002942,39.887892572729854
-2.812551930455217,39.52389846235542,94.07035175879396,32.771061564079446,39.62384380677988
-4.016047011141264,38.99963417956237,95.87939698492463,32.35308593714461,39.20586817984505
-5.168253509183745,38.28338734176113,97.68844221105527,31.77788680010163,38.63066904280207
-6.252561844685727,37.3739043610452,99.49748743718592,31.040531901224394,37.893314143924826
-7.2515891554019785,36.269136741390774,101.30653266331659,30.1341860737816,36.986968316482034
-8.1470806199087,34.96692421338211,103.11557788944724,29.050709392121096,35.903491634821535
-8.920834273146946,33.469069048658454,104.9246231155779,27.784767715586458,34.6375499582869
-9.55958737027248,31.795869677308655,106.73366834170854,26.349070705987067,33.2018529486875
-10.07213080077509,30.028013483911064,108.54271356783919,24.81943606700858,31.672218309709017
-10.533231897815691,28.396164140885173,110.35175879396985,23.434031920054533,30.28681416275497
-11.134325985691035,27.33727632898329,112.1608040201005,22.665007177288736,29.51778941998917
-12.08578498020421,27.183606580383184,113.96984924623115,22.896413801979186,29.74919604467962
-13.374817601530557,27.693167775008902,115.77889447236181,23.901035199838354,30.75381744253879
-14.814807604225662,28.35264741620988,117.58793969849246,25.13707771101201,31.989859953712447
-16.247791316398665,28.838732550206824,119.39698492462311,26.24802164124774,33.100803883948174
-17.58391283925331,29.02759600285077,121.20603015075376,27.085327905673697,33.938110148374136
-18.769339550573356,28.885606537378365,123.01507537688443,27.595241970553843,34.44802421325428
-19.762990639252628,28.409688864538715,124.82412060301507,27.754821262701125,34.607603505401556
-20.527224963224775,27.60653236056101,126.63316582914572,27.54907226640329,34.40185450910373
-21.027551083617585,26.490052504945094,128.44221105527637,26.96852444833229,33.821306691032724
-21.24222357313735,25.091212267334985,130.25125628140702,26.02275570537904,32.875537948079476
-21.190183867762496,23.484331309287015,132.0603015075377,24.778495148418948,31.631277391119383
-20.986662288537673,21.831734042392153,133.86934673366835,23.4302923256269,30.283074568327336
-20.881725772179035,20.393002991797925,135.678391959799,22.334904240609017,29.187686483309452
-21.11226652319551,19.35434571495071,137.48743718592965,21.788420521853165,28.6412027645536
-21.620889217773303,18.599208109496477,139.2964824120603,21.667270226879374,28.52005246957981
-22.12146016950275,17.846244717128847,141.10552763819098,21.569875102005142,28.422657344705577
-22.37345516092282,16.91196750322402,142.91457286432163,21.19336081954485,28.046143062245285
-22.268298414701768,15.753057110109966,144.72361809045228,20.424239636540623,27.277021879241058
-21.80598667680561,14.41519724083525,146.53266331658293,19.287205638727666,26.1399878814281
-21.09211115762499,13.005552128505363,148.34170854271355,17.92667576696715,24.779458009667586
-20.39736392672035,11.704973905809545,150.1507537688442,16.6644214451268,23.517203687827234
-20.198286085771286,10.757804540190211,151.95979899497488,16.03173477924257,22.884517021943005
-20.808086327097826,10.252906004103743,153.76884422110552,16.34416880964569,23.196951052346126
-21.872737778148274,9.932093269635164,155.57788944723617,17.169356184766148,24.022138427466583
-22.777039118588295,9.487260754778879,157.38693467336682,17.821123561587402,24.673905804287838
-23.161367879987157,8.800037953252561,159.19597989949747,17.924013959609223,24.776796202309658
-23.04154171066684,7.9315786778940955,161.00502512562815,17.515692980998402,24.368475223698837
-23.004625912279256,7.114931078548427,162.8140703517588,17.226982241538288,24.079764484238723
-23.960822153710886,6.5895109079361704,164.62311557788945,17.997623232614693,24.850405475315128
-25.70185069796086,6.202663026295666,166.4321608040201,19.586925734469936,26.43970797717037
-27.260936834522457,5.674648287665423,168.24120603015075,20.99251018321112,27.845292425911556
-28.121521240688665,4.933156049551863,170.0502512562814,21.698154440703384,28.55093668340382
-28.115157101179403,4.0217593310970035,171.85929648241208,21.548566439030587,28.401348681731022
-27.13624969307084,3.0110474380343564,173.66834170854273,20.450009813768453,27.30279205646889
-24.97719091589184,1.9756667332257956,175.47738693467338,18.202423306041023,25.05520554874146
-21.080771502505282,0.9991471054939279,177.28643216080403,14.251653833140486,21.104436075840923
-13.757659126494714,0.21720880300568263,179.09547738693468,6.9065914459863595,13.759373688686795
-11.72767441862712,-0.18515897937931805,180.90452261306532,4.876353749220101,11.729135991920536
-18.35925934667873,-0.8701579462149338,182.71356783919597,11.527086598234513,18.379868840934947
-21.226441550890925,-1.6789868235412593,184.52261306532662,14.439958719115962,21.2927409618164
-22.33780042261741,-2.47860988510212,186.33165829145727,15.62211118715174,22.474893429852173
-22.70069061058541,-3.2472418331832134,188.14070351758792,16.07898466961349,22.931766912313925
-23.128656560312375,-4.057293737844678,189.9497487437186,16.629048749793192,23.481830992493627
-23.957338305967006,-4.986969802989834,191.75879396984925,17.618096910335453,24.470879153035888
-24.80489671061288,-5.986199885217139,193.5678391959799,18.664221693693577,25.517003936394012
-25.209869288278924,-6.9330137170201915,195.37688442211055,19.293043212474984,26.14582545517542
-25.005041687856615,-7.733624919776101,197.1859296482412,19.32088895969739,26.173671202397824
-24.282239322107312,-8.358663412248463,198.99497487437185,18.827840813124276,25.68062305582471
-23.35016520150923,-8.871770486645033,200.80402010050253,18.125979265938827,24.978761508639263
-22.59191184809194,-9.410150175178291,202.61306532663318,17.62057893371677,24.473361176417207
-22.06610355986526,-10.019897869070704,204.42211055276383,17.381723727533537,24.234505970233972
-21.397313579691364,-10.543239845521454,206.23115577889448,17.001042081039262,23.853824323739698
-20.14108459464512,-10.727338467062532,208.04020100502512,15.966925889428914,22.81970813212935
-17.930151998972836,-10.28917079820523,209.8492462311558,13.819841838942148,20.67262408164258
-14.289971650480036,-8.811302473531471,211.65829145728642,9.935378497880555,16.78816074058099
-8.609610227052768,-5.691520930886805,213.46733668341707,3.4680122406954164,10.32079448339585
-8.065698222353301,-5.705842555341273,215.27638190954772,3.0271027303352644,9.8798849730357
-11.583580103447925,-8.755962316569764,217.08542713567837,7.667761965495909,14.520544208196345
-13.224296039674792,-10.668555399482882,218.89447236180902,10.138394292689743,16.991176535390178
-14.243927428383548,-12.253231949372832,220.7035175879397,11.936341254423857,18.789123497124294
-15.397532453949033,-14.115451126172918,222.51256281407035,14.035730537432812,20.888512780133247
-16.571500482188725,-16.183655632624966,224.321608040201,16.310234354163086,23.16301659686352
-17.400533006289695,-18.101201780745516,226.13065326633165,18.255623816032998,25.108406058733433
-17.73205228483146,-19.651806385885443,227.9396984924623,19.61642954118774,26.469211783888174
-17.566682075407037,-20.749680336865364,229.74874371859295,20.33430206622324,27.187084308923676
-16.9520554966794,-21.35583161291855,231.55778894472363,20.413382310493134,27.26616455319357
-15.940777673711494,-21.43833837697126,233.36683417085425,19.862583096523686,26.71536533922412
-14.582776200821346,-20.963028430711304,235.17587939698493,18.6835824694126,25.536364712113034
-12.942939474151407,-19.918903170784176,236.9849246231156,16.901846480111097,23.754628722811532
-11.18172473537514,-18.4588374158101,238.79396984924622,14.728683110722882,21.58146535342332
-9.759678277730501,-17.322769978185445,240.6030150753769,13.03011693729662,19.882899179997054
-9.25281068250287,-17.708071943851326,242.41206030150752,13.126965440762783,19.979747683463216
-9.337096803285105,-19.332883334071298,244.2211055276382,14.616771891531805,21.46955413423224
-9.397409623765425,-21.136855115788244,246.03015075376885,16.278969783954672,23.131752026655107
-9.258515278077045,-22.731738847791338,247.83919597989947,17.692116538891064,24.5448987815915
-8.940143169438837,-24.1014130653521,249.64824120603015,18.853331264338873,25.70611350703931
-8.488847839085166,-25.307776717445154,251.45728643216077,19.84073944356644,26.693521686266877
-7.939928860879248,-26.40876991120823,253.26633165829145,20.72375848558817,27.576540728288606
-7.314347743595965,-27.441873952665045,255.07537688442213,21.54714960489743,28.399931847597866
-6.622458224835453,-28.42330960715409,256.88442211055275,22.331828118992398,29.184610361692833
-5.868344992458337,-29.35078124476687,258.69346733668345,23.078903854622407,29.931686097322842
-5.053671482593416,-30.207687561398362,260.50251256281405,23.774721463299493,30.627503705999928
-4.180771483174738,-30.968700314982367,262.3115577889447,24.396845745384734,31.24962798808517
-3.2546583541128893,-31.60582653483155,264.1206030150754,24.920179091614294,31.77296133431473
-2.2837976466870695,-32.09348254829055,265.929648241206,25.321856119967194,32.17463836266763
-1.279865175767856,-32.41170224633058,267.7386934673367,25.584179658392184,32.436961901092616
-0.2569182165865881,-32.54760810244782,269.5477386934673,25.69583985041651,32.54862209311695
0.7696565343244757,-32.495836184660995,271.356783919598,25.65216723458919,32.50494947728963
1.784236672123895,-32.25858664924292,273.16582914572865,25.455110184829802,32.307892427530234
2.7720592692051413,-31.84561986669588,274.9748743718593,25.113259384095983,31.966041626796418
3.720304824674349,-31.274065910522463,276.78391959798995,24.64178659962853,31.494568842328967
4.61906191139712,-30.56750823035101,278.5929648241206,24.061749815118205,30.91453205781864
5.461891157494598,-29.75362559781313,280.40201005025125,23.398010990389476,30.25079323308991
6.245579663217308,-28.859989298730476,282.21105527638196,22.67527640754664,29.528058650247075
6.968763528686812,-27.908470161266383,284.02010050251255,21.912585334666822,28.765367577367257
7.629411333574967,-26.90951266319133,285.82914572864325,21.117376660447338,27.970158903147773
8.22139854860643,-25.857319091000203,287.63819095477385,20.280082417501433,27.132864660201868
8.730307236699034,-24.725967950183495,289.44723618090455,19.36918861230322,26.221970855003654
9.128747181520698,-23.466917932574187,291.25628140703515,18.32717531004961,25.179957552750047
9.373805548693188,-22.013484723463655,293.06532663316585,17.07339045865067,23.926172701351106
9.419436572759176,-20.316229310786987,294.8743718592965,15.54085432568018,22.393636568380614
9.297536204288333,-18.499429714389073,296.6834170854271,13.851639488603091,20.704421731303526
9.381953693937941,-17.28483152671913,298.4924623115578,12.814105056062921,19.666887298763356
10.348318955275577,-17.707955862446834,300.3015075376884,13.657200839361845,20.50998308206228
12.030246604581578,-19.170012120564078,302.1105527638191,15.779411598587254,22.632193841287688
13.784910417616953,-20.49896128678336,303.91959798994975,17.850075265263442,24.702857507963877
15.316466118314166,-21.292647584709005,305.7286432160804,19.376418574710684,26.22920081741112
16.52791821324044,-21.510290920592475,307.53768844221105,20.274043888494646,27.12682613119508
17.367689577145452,-21.183893595007273,309.3467336683417,20.54053791190435,27.393320154604787
17.78690633465265,-20.349488043892606,311.15577889447235,20.174531730505166,27.0273139732056
17.735180929328276,-19.0420779748048,312.96482412060305,19.1690811839367,26.021863426637136
17.181147656236135,-17.317304246428897,314.77386934673365,17.541497028242837,24.394279270943272
16.17939795219773,-15.30923777884113,316.58291457286435,15.421545569035581,22.274327811736015
14.981727464438654,-13.30516010385026,318.39195979899495,13.184169701340458,20.036951944040894
13.910090713704502,-11.589037289963494,320.20100502512565,11.252366444113841,18.105148686814275
12.702247535134596,-9.920495765329067,322.0100502512563,9.264392716756474,16.11717495945691
10.27438348645461,-7.5144547831043615,323.81909547738695,5.876317753530688,12.729099996231124
6.881752445515963,-4.707071313884371,325.6281407035176,1.484785572637446,8.33756781533788
11.671420689106903,-7.453516296604603,327.43718592964825,6.995573836122171,13.848356078822606
16.32382421490584,-9.713108743213501,329.2462311557789,12.142262333626224,18.99504457632666
19.194262824471537,-10.615359053123472,331.05527638190955,15.081336686529898,21.934118929230333
20.908198219591533,-10.715699834828781,332.8643216080402,16.641450576012332,23.494232818712767
21.851059069041373,-10.34137775333628,334.67336683417085,17.321850666114,24.174632908814434
22.41549729123656,-9.75471843553716,336.4824120603015,17.593261416142237,24.446043658842672
23.041874128311278,-9.173455182626215,338.29145728643215,17.948029101539746,24.80081134424018
23.91294309530171,-8.656127345395907,340.1005025125628,18.578642965078394,25.43142520777883
24.76975824683421,-8.091436606736513,341.90954773869345,19.205081636893514,26.05786387959395
25.241673845728428,-7.372291265460746,343.71859296482415,19.443468003996706,26.29625024669714
25.12651169929522,-6.485228255218662,345.52763819095475,19.09716526586124,25.949947508561674
24.454164902648163,-5.494534596510462,347.33668341708545,18.211058075937082,25.063840318637517
23.550687287119995,-4.515657351057124,349.14572864321605,17.126918193457467,23.979700436157902
22.930375442730828,-3.6503710286114646,350.95477386934675,16.366333300125888,23.219115542826323
22.646754159951577,-2.875480646953617,352.7638190954774,15.975793335558688,22.828575578259123
22.036277288395443,-2.0935717610092675,354.57286432160805,15.282722256848434,22.13550449954887
20.211580807599887,-1.278011831715406,356.3819095477387,13.399163663412999,20.251945906113434
15.779883787662488,-0.4983964528453342,358.19095477386935,8.934970332518821,15.787752575219256
8.990672346345793,-2.202079622227e-15,360.0,2.137890103645357,8.990672346345793
