theta_deg,sigma_dBsm,sigma_dBsm_anal,relative_error
0.0,5.433225315919409,5.429357207713853,0.0008910615889236335
0.5,5.432989670316822,5.429060585893376,0.0009051144913766211
1.0,5.432147669259887,5.4281692680231854,0.0009164804499465937
1.5000000000000002,5.430694793589327,5.426678895166392,0.0009251224463937786
2.0,5.428623645946562,5.424582197183467,0.0009310110896178257
2.5,5.425923944851241,5.421868986286025,0.0009341247374980333
3.0000000000000004,5.4225825195280395,5.418526150858508,0.0009344497293680317
3.5,5.41858330823887,5.414537652294199,0.0009319807313526046
4.0,5.41390736354362,5.409884528285022,0.0009267211907757034
4.5,5.408532868507963,5.404544906604622,0.0009186838947829838
5.0,5.402435168368744,5.398494033931172,0.0009078916248666853
5.5,5.395586822577259,5.391704324673022,0.0008943778973848618
6.000000000000001,5.3879576824332185,5.38414543506217,0.0008781877780168351
6.5,5.379514999711108,5.375784367976153,0.0008593787565361865
7.0,5.370223571757588,5.366585614030765,0.0008380216671779613
7.499999999999999,5.36004592850701,5.356511334461472,0.0008142016382497361
8.0,5.348942566734268,5.345521591176698,0.0007880190562354809
8.5,5.336872236627314,5.333574629140427,0.0007595905270637645
9.0,5.323792285453584,5.320627215927657,0.000729049818592063
9.5,5.309659062698463,5.306635042894467,0.0006965487696627869
10.0,5.294428390592164,5.291553191949693,0.0006622581495122858
10.5,5.278056103430327,5.275336671392555,0.0006263684540007085
11.0,5.260498658520005,5.257941023711171,0.0005890906241830509
11.5,5.241713820972679,5.239323007624397,0.0005506566733400216
12.000000000000002,5.221661423912931,5.21944135599454,0.0005113202090659895
12.5,5.200304204960803,5.198257610536151,0.0004713568350978598
13.0,5.1776087190920075,5.175737033492577,0.00043106441757706325
13.5,5.153546327141404,5.1518495956266435,0.0003907631973247985
14.0,5.128094258285573,5.126571038953985,0.0003507957270629734
14.500000000000002,5.101236743784926,5.0998840116080455,0.00031152660886861727
14.999999999999998,5.072966218037777,5.071779271023039,0.00027334200134985245
15.5,5.043284581565014,5.042256950210183,0.00023664886079766823
16.0,5.012204518841075,5.011327880232489,0.00020187387299566812
16.5,4.9797508618605315,4.979014959990052,0.00016946202475422541
17.0,4.945961987922136,4.945354562056564,0.0001398747558781952
17.5,4.910891237253536,4.91039796048847,0.00011358762318194582
18.0,4.874608332752738,4.874212763215545,9.108740016347866e-5
18.5,4.83720078022402,4.836884327752398,7.286852916212449e-5
19.0,4.798775223031655,4.7985171345479944,5.942883533833647e-5
19.5,4.759458720086999,4.759236087281468,5.126441189789953e-5
20.0,4.719399910572922,4.719187703899625,4.886358604303124e-5
20.5,4.678770022916827,4.678541156256555,5.26998846125785e-5
21.0,4.637763679417504,4.637489110045204,6.322393291396732e-5
21.5,4.596599441911467,4.596248310570622,8.085424763975193e-5
22.0,4.555520038285944,4.5550598541760925,0.00010596692123513929
22.5,4.51479220502282,4.514189080288039,0.00013888424587619636
23.0,4.474706077905742,4.473925015700784,0.0001798623922843144
23.5,4.435574062243855,4.434579301604128,0.0002290783364489494
24.000000000000004,4.397729116301406,4.396484535776247,0.0002866163230374517
24.5,4.361522387883689,4.359991968180312,0.00035245425691304833
25.0,4.32732015505093,4.325468498746233,0.00042645052463618225
25.5,4.295500038362597,4.2932929420950625,0.0005083318533117007
26.0,4.266446474330446,4.263851545833074,0.0005976829088361179
26.5,4.240545467875693,4.23753277687862,0.0006939384018876573
27.0,4.218178675050986,4.214721423630372,0.0007963784994822825
27.5,4.199716904908849,4.195792099534033,0.0009041283127058658
28.0,4.185513169323719,4.181102273932943,0.0010161621406118452
28.500000000000004,4.1758954491943845,4.170984996427382,0.001131312986416711
29.000000000000004,4.1711593816356345,4.165741518185692,0.001248287624805237
29.500000000000004,4.171561101982238,4.165634044181325,0.0013656871963492368
29.999999999999996,4.177310493214946,4.170878870618005,0.0014820329585411758
30.5,4.188565100692538,4.181640168674172,0.001595796453728176
31.0,4.205424959721698,4.1980246668490695,0.0017054330047909488
31.5,4.227928556647252,4.22007745862169,0.0018094171509469425
32.0,4.2560501015662275,4.247779120431352,0.0019062784295080764
32.5,4.289698234844907,4.281044269441176,0.001994635818098709
33.0,4.328716224280898,4.319721624995716,0.0020732291969749275
33.5,4.372883639984054,4.363595567146364,0.002140946365667437
34.0,4.421919425422232,4.412389115707717,0.00219684444250833
34.5,4.475486220976265,4.465768189566582,0.0022401648539879014
35.0,4.533195745419328,4.523346953196148,0.00227034154692091
35.5,4.594615004314361,4.584694019063418,0.0022870024843745385
36.0,4.659273074165882,4.649339252780582,0.0022899648774459638
36.5,4.726668207355039,4.716780922672688,0.0022792249250847105
37.0,4.796275014031444,4.786492945593065,0.0022549430650969948
37.5,4.867551500669228,4.857932003823048,0.002217425864433017
38.0,4.93994577763574,4.930544340358577,0.002167105719321375
38.5,5.012902286341627,5.003772078376252,0.002104519474732624
39.0,5.085867436924914,5.0770589515146645,0.002030286966916336
39.5,5.158294587040624,5.149855371923815,0.0019450903312218
40.0,5.229648328861153,5.221622800341867,0.0018496547380769974
40.5,5.299408083273594,5.291837415124197,0.001744731037619779
41.0,5.367071026584231,5.35999310421912,0.0016310806200340235
41.5,5.432154395545455,5.42560382523888,0.0015094626474657811
42.0,5.494197231400506,5.488205394195013,0.0013806236874797633
42.5,5.552761633454672,5.547356773693105,0.0012452896817577133
43.0,5.607433598172595,5.602640937174101,0.0011041601135205934
43.5,5.6578235218426585,5.653665388011402,0.0009579041949013095
44.0,5.703566444272822,5.700062411800147,0.0008071588712331899
44.5,5.744322108620348,5.741489137829153,0.000652528435379889
45.0,5.779774908998405,5.777627482233852,0.0004945855527574873
45.5,5.809633793548443,5.808184041300438,0.00033387351483837413
46.0,5.833632186700517,5.83288999931865,0.00017090956354506618
46.5,5.851527990703619,5.8515011116325555,6.189153987319041e-6
47.0,5.863103723478842,5.863797820381107,0.00015980894721427191
47.5,5.868166847553724,5.869585558007503,0.00032661680332924704
48.00000000000001,5.866550343361121,5.868695292040651,0.0004937707405567354
48.5,5.858113579514892,5.860984363873793,0.0006608040997408549
49.0,5.842743532691604,5.846337674214946,0.0008272393181139165
49.5,5.820356410272625,5.824669268354242,0.000992579339609889
50.0,5.790899729613117,5.79592437509318,0.0011562983492802055
50.5,5.754354908282786,5.7600819536788626,0.0013178318315832172
51.0,5.710740419232573,5.717157802781879,0.0014765659718483084
51.5,5.660115562771728,5.667208283635569,0.00163182645398133
52.0,5.602584902372245,5.610334704830272,0.0017828667628586716
52.50000000000001,5.538303402210957,5.546688407509314,0.001928856181821946
53.0,5.467482289162211,5.476476575020548,0.0020688677906658746
53.5,5.390395638361816,5.399968768163383,0.0022018669241991168
54.0,5.307387646681089,5.3175041532809075,0.0023267007548903314
54.5,5.218880509276072,5.229499342386078,0.002442089917203481
55.0,5.125382747305726,5.136456698797701,0.0025466234014878838
55.5,5.027497746549066,5.038972874959383,0.002638758302345192
56.0,4.925932154263818,4.937747238426943,0.0027168263957353545
56.5,4.82150364419345,4.833589706165578,0.0027790498846167132
57.00000000000001,4.715147399202182,4.727427348423806,0.0028235690114615133
57.5,4.607920484679833,4.620308947257664,0.0028484842737874004
58.00000000000001,4.5010031079313215,4.513406516680923,0.0028519159481030145
58.5,4.3956956030339285,4.408012632456152,0.002832082899108501
59.00000000000001,4.2934098818976105,4.305532315439405,0.0027874014388941703
59.5,4.1956540959006805,4.207468206946082,0.0027166029358295938
59.99999999999999,4.1040094108556975,4.115397920333488,0.0026188659870563444
60.5,4.020098162039832,4.030942801230818,0.0024939553669837307
61.0,3.945543260885824,3.955727916619749,0.0023423560396912844
61.50000000000001,3.88191957189598,3.8913339245825607,0.0021653869753204
62.0,3.8306990154573284,3.839242504298853,0.0019652773134975787
62.50000000000001,3.793192261774418,3.8007781366848676,0.0017451876345886692
63.0,3.7704908825039727,3.7770500430628013,0.0015091625996147583
63.50000000000001,3.763414502269329,3.768898795723714,0.001262008232357893
64.0,3.7724676365246257,3.7768523016264135,0.0010090969689955725
64.5,3.797810384344249,3.8010953903999645,0.0007561145986110671
65.0,3.839245963388094,3.8414560986632615,0.0005087729849196857
65.5,3.896226381458959,3.897410075997627,0.00027251859999807273
66.0,3.967875616133305,3.9681026182090613,5.226779356281014e-5
66.5,4.0530278631188175,4.052386002011555,0.00014780490380404904
67.0,4.150277027693556,4.148868369802664,0.0003244080749915982
67.5,4.258032874590851,4.255969606308448,0.00047519794978078105
68.0,4.3745791722544825,4.3719795236387675,0.00059877040643052
68.5,4.498129677092548,4.4951141459305655,0.0006945928280563692
69.0,4.6268787157233575,4.623566777235123,0.0007628928740429118
69.5,4.759044218255114,4.755551626708897,0.0008045223776788816
70.0,4.892902135546888,4.889338852504128,0.0008208129243429214
70.5,5.026812096942679,5.023280824123414,0.0008134362752786582
71.0,5.159234857909711,5.155830113568072,0.0007842787425175518
71.5,5.288742533917291,5.2855501893681724,0.0007353347231648102
72.0,5.414022843374672,5.411120028021057,0.0006686213637721822
72.5,5.533878635823076,5.531333920921735,0.0005861139574738147
73.0,5.647223915004656,5.645097694774856,0.0004897001645516019
73.5,5.75307742852714,5.7514224289283655,0.0003811503598511823
74.0,5.850554725424143,5.849416583691232,0.0002621011613003289
74.5,5.938859407726164,5.9382772780010455,0.0001340493065301388
75.0,6.017274139845247,6.017281291082116,1.6466317855024164e-6
75.5,6.08515183977355,6.085776221121955,0.000143758784233459
76.0,6.141907362770642,6.1431721186823465,0.00029117841019237297
76.5,6.1870099016922095,6.188933824415702,0.00044290146849354
77.0,6.2199762667051655,6.222574177223707,0.0005980121227242681
77.5,6.2403651683373695,6.243648219272806,0.0007556647558187567
78.0,6.247772609010641,6.251748503892682,0.0009150647013829918
78.5,6.241828487220089,6.246501610571448,0.0010754477078185171
79.0,6.222194533789921,6.22756598559813,0.0012360579364372357
79.5,6.188563730387586,6.19463125688839,0.0013961241178916573
80.0,6.14066140669901,6.147419217051022,0.0015548333300374158
80.5,6.078248275066105,6.085686730519454,0.0017113017147053933
81.0,6.00112574121356,6.009230899822027,0.0018645413179299783
81.5,5.909143928387508,5.91789692430789,0.0020134221333559517
82.0,5.802212970907443,5.8115892030758225,0.002156628370029572
82.5,5.680318271516179,5.690286372384734,0.0022926079972173862
83.0,5.543540571633074,5.554061123410551,0.0024195148134169217
83.5,5.392081845397307,5.403105810070662,0.002535142756433092
84.0,5.2262981774444235,5.237765009784999,0.0026368531005372124
84.5,5.0467408835137375,5.058576306434713,0.002721496833497259
85.0,4.854207117474683,4.866320561288491,0.0027853372452058306
85.5,4.649800972356377,4.662082720493888,0.0028239820575003283
86.0,4.435005463683524,4.447323616383679,0.0028323408108751817
86.5,4.211764547689006,4.223962022867956,0.0028046321020952876
87.0,3.982572171738986,3.99446411907419,0.0027344765554892726
87.5,3.7505619449452947,3.7619341596465294,0.002615123795090853
88.0,3.5195861023696096,3.530195277557719,0.0024398715268033216
88.5,3.294266092510056,3.3038429996645187,0.002202734776355724
89.0,3.0799901534564054,3.088246993733206,0.0018994015830400522
89.5,2.8828277098126156,2.889470777473094,0.0015284535798952548
90.0,2.7093299558562327,2.714078199586279,0.0010927260626665844
90.5,2.5661953917544804,2.568804293792426,0.0006005414968931541
91.0,2.459802384040753,2.460090844139789,6.641818661100872e-5
91.5,2.395647652497605,2.3935236774373596,0.0004891829421304995
92.0,2.377771335203031,2.373251102140004,0.0010413639700995844
92.5,2.4082788274543456,2.401494011662198,0.0015634825365180437
93.0,2.487068089829405,2.4782586250247856,0.002030512938687202
93.5,2.6118304004272015,2.601323480925515,0.0024222365079542957
94.0,2.7783242261922165,2.7665039089180303,0.0027254359010091675
94.5,2.9808537222392575,2.9681274475326003,0.002934630665557302
95.0,3.212842968841077,3.1996110662105726,0.0030514042598838564
95.5,3.4673958844748713,3.454028166794254,0.0030827727466036297
96.00000000000001,3.73776148947365,3.7245824933721727,0.003039184983055333
96.5,4.017665964767064,4.004948277658688,0.002932647497095852
97.0,4.3015096856539925,4.289473583585802,0.002775258840539089
97.5,4.584450584745747,4.573267855037217,0.002578236622875704
98.0,4.86240449132525,4.852204533285703,0.0023513873182666734
98.5,5.13199256175627,5.122869329504032,0.002102909878401356
99.0,5.390460354016929,5.382479203393449,0.0018394175017573066
99.5,5.635586130947992,5.628790044697054,0.0015660817163540553
100.0,5.86558964006975,5.860004599289593,0.0012868304210650783
100.50000000000001,6.079047712866842,6.074687168584518,0.0010045566555626152
101.0,6.27481962486319,6.271688127429719,0.0007213139527839819
101.5,6.451983007012777,6.450079099615787,0.00043848698640006376
102.0,6.609779864141885,6.609098361602942,0.00015693407156389734
102.5,6.747571634907245,6.748105405233228,0.00012289760703942227
103.0,6.86480198751112,6.866543341124974,0.00040088111297454157
103.5,6.96096602418438,6.96390780012201,0.0006771395795403941
104.0,7.035584660095056,7.039721082830411,0.0009519930996445835
104.5,7.088183084970683,7.093510451391096,0.0012259193965713576
105.00000000000001,7.118272372231029,7.124789616140453,0.0014995254538329047
105.5,7.125333452662423,7.133042624033543,0.0017735277455537169
106.0,7.108802810824343,7.117709498541153,0.0020487390996942875
106.5,7.068059392961866,7.07817311254911,0.0023260605144457074
107.0,7.002412341076852,7.013746902291827,0.00260647639520488
107.5,6.911089299744924,6.923663162201878,0.0028910516634652835
108.0,6.793225197111844,6.807061814311382,0.0031809289414455994
108.5,6.6478516049612635,6.662979746828067,0.0034773234531912996
109.0,6.473887074728398,6.4903411039051,0.0037815122365224218
109.50000000000001,6.270129289871265,6.287949344290379,0.0040948124645268525
110.0,6.035250571330338,6.054482569730003,0.004418540680723045
110.5,5.7677993862335,5.78849471575277,0.004753939811599746
111.0,5.466212308925926,5.488426960791997,0.005102052711839901
111.5,5.128843806846842,5.152636574710748,0.0054635077166824645
112.0,4.754025985861615,4.779455094803468,0.005838160040139868
112.5,4.340178173425203,4.367295307949013,0.0062244980188739165
113.0,3.8859987082640215,3.9148387674045564,0.006618668509571184
113.5,3.3907910630906217,3.4213549725824395,0.007012894320157951
114.00000000000001,2.8550064223623823,2.8872328628645483,0.0073929488634363934
114.5,2.2811265514743297,2.314846550102832,0.007734252171784618
115.0,1.6750574547083044,1.7099240652949053,0.007996192776777537
115.49999999999999,1.0482221456524705,1.0836082936134752,0.008114857012454154
116.00000000000001,0.42042746961550337,0.4552948513808311,0.007996368927338304
116.5,-0.1768950396884184,-0.14412188580223392,0.007517895743204854
117.0,-0.6986377275562692,-0.6700938353037129,0.0065509226132460935
117.5,-1.088492787472736,-1.066622707572223,0.00502311375327438
118.00000000000001,-1.289869810562627,-1.2767856358197904,0.0030082088169516227
118.50000000000001,-1.2647095319268997,-1.261356607388048,0.0007717414603673245
119.0,-1.010191879335545,-1.0158963287065905,0.0013143610248754416
119.5,-0.5601190096624199,-0.5729145096821885,0.0029506172875544217
119.99999999999999,0.030249661627781588,0.012806409375730333,0.0040245340350742774
120.50000000000001,0.703550175444093,0.6836740950488207,0.0045871254390417475
121.0,1.4126162481633153,1.3919777104274815,0.004763508538590815
121.5,2.1239760943992967,2.1036896965040923,0.0046820424061436924
122.0,2.8162115335978126,2.796954544273696,0.0044439307591313025
122.50000000000001,3.476753976691702,3.4589014392748045,0.004119159163431419
123.00000000000001,4.098918186671169,4.082651565099929,0.0037525512903223324
123.5,4.679693930102955,4.665076978326118,0.003371347778871374
124.0,5.218259965216437,5.205288061101067,0.0029913565087986344
124.49999999999999,5.715036589674902,5.703667554627803,0.002621246537129761
125.00000000000001,6.1711003906455675,6.16127326023838,0.0022653424178800084
125.5,6.587830427277269,6.579476658278139,0.001925377560401344
126.0,6.966698281545006,6.959748305349436,0.0016015723076670627
126.5,7.309146105403018,7.303533054905134,0.0012932882171212794
127.00000000000001,7.616517848924205,7.612179587733073,0.0009994206431270392
127.50000000000001,7.890022214163914,7.886902360738212,0.0007186308905721736
128.0,8.13071416760492,8.128762538196879,0.0004494802641944921
128.5,8.339486930146272,8.33865966014273,0.00019050410140580146
129.0,8.517069467621795,8.517328970758944,5.975102035524348e-5
129.5,8.664026390683167,8.66534125485679,0.00030271283777016646
130.0,8.78075830940217,8.78310319125616,0.0005397832647505754
130.5,8.867501359913895,8.870856918893523,0.0007723475944492973
131.0,8.924324999444181,8.928677900026559,0.0010017902719733267
131.5,8.951127354195958,8.956470359299265,0.0012295159154447127
132.0,8.947627460564048,8.9539596378142,0.001456975273693582
132.5,8.913353694689915,8.920680759361076,0.001685696603504649
133.0,8.847627549647681,8.855962373412629,0.0019173236775204131
133.5,8.749541689056455,8.758905012462842,0.002153662423587822
134.0,8.617930860973532,8.628352260659366,0.0023967391796174548
134.5,8.451333758817835,8.462852939457854,0.0026488748857965085
135.0,8.247943204449147,8.260611712880285,0.0029127814628044984
135.5,8.005541002919625,8.01942450200294,0.003191689498060408
136.0,7.721412320812258,7.73659362009974,0.003489520764727969
136.5,7.392232216523752,7.408815346795673,0.0038111260104963227
137.0,7.0139135860046515,7.032029343809031,0.004162619568259499
137.5,6.581400587549211,6.6012141959486765,0.004551860671074771
138.0,6.08838338792965,6.110105277218867,0.004989162424219473
138.5,5.526896750585394,5.550798060714923,0.005488363638102276
139.0,4.886742830182077,4.9131782688810235,0.006068496547483495
139.5,4.154640684637877,4.1840832195879365,0.006756465957160081
140.0,3.3129386649792854,3.3460339461755595,0.007591507945864732
140.5,2.337607274819406,2.3752622497617586,0.008632899065368618
141.0,1.1950185735465315,1.2385517392739827,0.009973810185654238
141.5,-0.16333196457999405,-0.11192564561162535,0.01176696372785329
142.0,-1.8093617393724521,-1.7469345258417104,0.014271578721347636
142.5,-3.8499436470014317,-3.7714091978217095,0.01792070478553763
143.0,-6.422245084036327,-6.3202647314422915,0.023208290828795677
143.5,-9.488746984788186,-9.364891374209845,0.028115985473134448
144.0,-11.48663987042603,-11.422245875817485,0.014717882591983587
144.5,-9.665237535672414,-9.711413302771753,0.010689087732714495
145.0,-6.432842610550909,-6.496969167664368,0.014875236716551197
145.5,-3.642770996866843,-3.698265245373569,0.012860010712649743
146.0,-1.395779581907859,-1.4414677717505084,0.010575625238505807
146.5,0.44497144182780723,0.40711536336633236,0.008754785110222136
147.0,1.9911541081473618,1.9593222984242697,0.007356471917513993
147.5,3.3184064453648627,3.2912591400182496,0.00627047569523034
148.0,4.477827750402242,4.4543973006576,0.005409639976324586
148.5,5.504923610351245,5.484503037277032,0.004713082513927487
149.0,6.425173173246346,6.4072353430603854,0.0041388796406944695
149.5,7.257423131149034,7.241566516986381,0.003657793798891221
150.0,8.015997348747387,8.001909904152342,0.0032490206553213983
150.5,8.712046261217854,8.699481051103424,0.002897436027204115
151.0,9.354435663499862,9.343194114832427,0.0025918151991398243
151.5,9.950348313342916,9.940268470151466,0.0023236652023482175
152.0,10.505701241563376,10.49664936703943,0.0020864447371932715
152.5,11.025441532633964,11.017305993532588,0.0018750327855071454
153.0,11.513759923614764,11.506446660407331,0.0016853597092273817
153.5,11.974247539666194,11.967676658009443,0.0015141465791791808
154.0,12.410012459047353,12.404115626990166,0.0013587179810875722
154.5,12.823767368888912,12.81848580148977,0.0012168656169741843
155.0,13.217896076429717,13.213178954090676,0.0010867476407127894
155.5,13.594504343804806,13.590307554532739,0.0009668135047884445
156.0,13.955458977923232,13.951744103845883,0.0008557473102602673
156.5,14.302418060764605,14.29915155047333,0.0007524247198466316
157.0,14.636854480449617,14.634006963842374,0.0006558799244245034
157.5,14.960074411363522,14.957620124637849,0.0005652801134657427
158.0,15.273232021739929,15.271148318278225,0.00047990557076332536
158.5,15.577341412618752,15.575608341564973,0.00039913399013543304
159.0,15.873286581712891,15.87188652062417,0.000322427947937637
159.5,16.161830038604624,16.160747370062914,0.0002493247207221075
160.0,16.443620560189615,16.442841384933665,0.00017942782816584551
160.5,16.719200458745497,16.718712339915797,0.0001123998304749219
161.0,16.98901263431136,16.988804368925805,4.795602706970006e-5
161.5,17.25340759556074,17.253469010442863,1.4141199218495986e-5
162.0,17.512650557904493,17.512972328063164,7.408757245242296e-5
162.5,17.76692866398593,17.76750215194054,0.0001320417632483256
163.0,18.016358320125033,18.017175434966557,0.00018812994667786735
163.5,18.260992602766876,18.26204567786782,0.00024245010714537936
164.0,18.50082866131988,18.502110349626687,0.00029507609539505635
164.5,18.73581502730249,18.73731821308677,0.00034606142481567487
165.0,18.965858733301992,18.96757645916687,0.00039544278891416476
165.5,19.19083214736165,19.19275755518991,0.0004432432749908242
166.0,19.41057943726848,19.41270572173288,0.0004894752589993382
166.5,19.62492259289522,19.6272429660921,0.0005341429681577875
167.0,19.833666951412134,19.836174617162868,0.0005772447077167115
167.5,20.036606188116657,20.03929432450578,0.0006187747576423393
168.0,20.233526753431754,20.236388502203525,0.0006587249515718722
168.5,20.424211753167597,20.427240214690514,0.0006970859583491646
169.0,20.6084442836687,20.611632516287077,0.0007338482915437891
169.5,20.786010245517417,20.78935126822977,0.0007690030747420599
170.0,20.956700668827235,20.960187466369774,0.0008025425946625764
170.5,21.120313589901123,21.12393911944317,0.0008344606716593221
171.0,21.276655523297904,21.280412722091167,0.0008647528788144031
171.5,21.42554257547583,21.42942436892023,0.000893416637406805
172.0,21.566801246491984,21.570800556193788,0.000920451214821293
172.5,21.70026896511043,21.70437871660884,0.000945857648000724
173.0,21.825794400461174,21.830007530388542,0.0009696386129353327
173.5,21.943237590430137,21.9475470529419,0.0009917982565090955
174.0,22.052469923510767,22.056868695886713,0.0010123420057738537
174.5,22.15337400716699,22.15785509453477,0.001031276365992666
175.0,22.245843452014363,22.250399891186376,0.0010486087166946252
175.5,22.32978259746512,22.334407459911795,0.001064347113066322
176.0,22.405106201005957,22.40979259501307,0.001078500098340702
176.5,22.471739110047796,22.476480182123026,0.0010910765312129892
177.0,22.52961593234184,22.534404867947167,0.0011020854309007199
177.5,22.578680718304827,22.583510742002858,0.0011115358424705118
178.0,22.618886666247356,22.6237510413525,0.0011194367230980132
178.5,22.650195859423352,22.655087887253803,0.0011257968503955657
179.0,22.672579041996034,22.67749206082408,0.0011306247531668125
179.5,22.68601543941752,22.69094282321282,0.0011339286639305277
180.0,22.690492627301747,22.695427784371986,0.0011357164954546451
180.5,22.686006451600274,22.69094282321282,0.0011359958365029792
181.0,22.67256100172675,22.67749206082408,0.001134773973531434
181.5,22.650168637169514,22.655087887253803,0.001132057929691267
182.0,22.618850067056503,22.6237510413525,0.001127854528955815
182.5,22.57863448102668,22.583510742002858,0.001122170478603872
183.0,22.529559728605577,22.534404867947167,0.0011150124732676183
183.5,22.47167254300521,22.476480182123026,0.0011063873182539888
184.0,22.405028803855984,22.40979259501307,0.0010963020717593686
184.5,22.32969383178105,22.334407459911795,0.001084764204254881
185.0,22.245742705896426,22.250399891186376,0.0010717817735881744
185.5,22.153260593253037,22.157855094534757,0.0010573636128349433
186.0,22.05234307687959,22.056868695886713,0.0010415195278788314
186.5,21.943096466440977,21.9475470529419,0.0010242604999613975
187.0,21.82563807257964,21.830007530388542,0.0010055988877435136
187.5,21.700096422779794,21.70437871660884,0.000985548621089151
188.0,21.5666113931132,21.570800556193777,0.0009641253783268457
188.5,21.425334226571184,21.42942436892023,0.000941346735026989
189.0,21.276427404938847,21.280412722091167,0.000917232271654997
189.5,21.120064337484564,21.12393911944317,0.0008918036242172356
190.0,20.956428826290477,20.960187466369767,0.0008650844601467424
190.5,20.785714265084366,20.78935126822977,0.0008371003584201871
191.0,20.608122526211602,20.611632516287077,0.0008078785726749041
191.5,20.42386248926574,20.427240214690514,0.0007774476519767759
192.00000000000003,20.233148165193487,20.23638850220351,0.0007458368948455528
192.5,20.036196371804387,20.039294324505775,0.0007130756115613804
193.0,19.833223920889246,19.836174617162868,0.0006791921698673757
193.5,19.62444428386384,19.6272429660921,0.0006442128036524531
194.0,19.410063712224975,19.41270572173288,0.0006081601664392113
194.5,19.190276801134814,19.19275755518991,0.0005710516185892958
195.0,18.96526149897143,18.96757645916687,0.0005328972434905187
195.5,18.735173582217538,18.73731821308677,0.0004936975981619781
196.0,18.500140632861918,18.502110349626687,0.00045344121044435244
196.50000000000003,18.260255573411854,18.262045677867803,0.0004121018462153124
197.0,18.015569831283443,18.017175434966546,0.00036963557852718877
197.5,17.766086218020533,17.76750215194054,0.0003259776914105441
198.0,17.511751617659325,17.512972328063164,0.00028103945888469686
198.5,17.252449580678718,17.253469010442863,0.0002347048303384062
199.0,16.987992913575724,16.988804368925795,0.00018682704492479257
199.5,16.71811633764443,16.718712339915797,0.00013722517830787589
200.0,16.44246926288622,16.442841384933665,8.568059712955634e-5
200.5,16.16060868346533,16.160747370062914,3.193325934230614e-5
201.00000000000003,15.871992149518192,15.87188652062415,2.4322247462515498e-5
201.5,15.575970706521609,15.575608341564951,8.344109575696791e-5
202.0,15.271781617939427,15.271148318278225,0.0001458332685654101
202.5,14.958540599298928,14.957620124637849,0.00021196958568668698
203.0,14.63523319106308,14.634006963842374,0.0002823891162037078
203.5,14.30070478100375,14.299151550473315,0.0003577085089722583
204.0,13.953648649106862,13.951744103845883,0.00043863392442455867
204.5,13.592591240705689,13.590307554532739,0.0005259764510198285
205.0,13.215873662866697,13.213178954090676,0.000620672163065463
205.50000000000003,12.82162812415005,12.818485801489743,0.0007238083544349204
206.0,12.407747667449838,12.404115626990137,0.0008366580251941587
206.5,11.971847032766762,11.967676658009443,0.0009607254761924992
207.0,11.51121176068267,11.506446660407331,0.0010978070355496037
207.5,11.022731599494122,11.017305993532588,0.0012500726309945637
208.0,10.502812740030924,10.496649367039392,0.001420176574267688
208.5,9.947261102015185,9.940268470151466,0.0016114099169115114
209.0,9.351125393785043,9.343194114832427,0.0018279130684992408
209.5,8.708483227228623,8.699481051103424,0.0020749774474089957
210.00000000000003,8.012144931496781,8.001909904152306,0.002359481344287194
210.5,7.253235659308368,7.241566516986344,0.002690532318801247
211.0,6.420592934544186,6.4072353430603854,0.003080433918420964
211.5,5.499876618283002,5.484503037277032,0.003546170682956152
212.0,4.472217701540498,4.4543973006576,0.004111728999924134
212.5,3.312106172351928,3.2912591400181945,0.004811746036651513
213.0,1.9839941931977354,1.9593222984242697,0.0056970807023591415
213.5,0.4367286917998243,0.40711536336633236,0.006842021267125676
214.0,-1.4053745429611941,-1.4414677717505084,0.008345403399726576
214.50000000000003,-3.6538985262726262,-3.6982652453736593,0.010268174183405296
215.0,-6.444701602330884,-6.496969167664602,0.012107764320249825
215.5,-9.671031718994943,-9.711413302771753,0.009341565869592418
216.0,-11.467114857235712,-11.422245875817485,0.01027827851452377
216.5,-9.459116967666294,-9.364891374209845,0.021462574145776143
217.0,-6.399351898845044,-6.320264731442094,0.018045684172983457
217.5,-3.8328868668551364,-3.7714091978217095,0.014056034806373184
218.0,-1.7960767430794309,-1.7469345258417104,0.011251635178123281
218.5,-0.15253501564639194,-0.11192564561162535,0.00930707159595904
219.00000000000003,1.2040886257874241,1.2385517392740573,0.007904022769805619
219.5,2.345421771452852,2.3752622497617963,0.006847472538313642
220.0,3.319804922031807,3.3460339461755595,0.0060212551448532
220.5,4.160768534876695,4.1840832195879365,0.005354020414167394
221.0,4.892281265343241,4.9131782688810235,0.004800155137946163
221.5,5.531955106603476,5.550798060714967,0.004329351744352492
222.0,6.093044171112235,6.110105277218867,0.0039207585356805
222.5,6.585727565465623,6.6012141959486765,0.003559578076813717
223.0,7.017957078581248,7.032029343809031,0.003235014840697272
223.50000000000003,7.396032667328578,7.4088153467956825,0.0029389933971268344
224.0,7.7250027757886555,7.736593620099761,0.0026653322105536685
224.5,8.008948874268004,8.01942450200294,0.0024091956447857524
225.0,8.251191554565366,8.260611712880285,0.00216672087507603
225.5,8.454442254714666,8.462852939457854,0.0019347576699070305
226.0,8.620916498107379,8.628352260659378,0.0017106827121786009
226.5,8.752419351239046,8.758905012462842,0.001492264150140282
227.0,8.850410451065626,8.855962373412629,0.001277560587111989
227.5,8.916053736561482,8.920680759361076,0.0010648440231377824
228.00000000000003,8.950255526012954,8.953959637814204,0.0008525396430315728
228.5,8.953693558940781,8.956470359299265,0.0006391775501096421
229.0,8.92683891190466,8.928677900026559,0.00042335302437583844
229.50000000000003,8.869972201728505,8.870856918893523,0.00020369290735061017
230.0,8.783195145747825,8.78310319125616,2.1173528330404927e-5
230.5,8.66643831897142,8.665341254856783,0.0002526402558172233
230.99999999999997,8.51946581298546,8.517328970758951,0.0004921471703831701
231.5,8.341877456585385,8.33865966014273,0.0007411995648549762
232.00000000000003,8.133109314725871,8.128762538196867,0.0010013833336489572
232.5,7.892433371188239,7.886902360738212,0.0012743735458958184
233.0,7.618957680128894,7.612179587733063,0.0015619319980474185
233.49999999999997,7.3116289444655145,7.303533054905147,0.0018658860646718807
234.0,6.969240616400355,6.959748305349436,0.002188075743909767
234.50000000000003,6.590451501799014,6.579476658278114,0.002530246793889684
235.0,6.173822953885278,6.16127326023838,0.0028938528829661777
235.5,5.71788782528016,5.703667554627803,0.003279704823618618
236.00000000000003,5.221272627672711,5.20528806110104,0.003687364131853537
236.5,4.682907688862205,4.665076978326118,0.004114112648901451
237.00000000000003,4.1023811091625,4.082651565099901,0.004553229998073098
237.49999999999997,3.4805239166764004,3.4589014392748045,0.004991174031081793
238.0,2.820356838938541,2.796954544273696,0.005403121980341891
238.50000000000003,2.1285743567789255,2.1036896965040466,0.005746352082527208
239.0,1.4177486193941315,1.3919777104274815,0.00595161196458648
239.5,0.7092871597713275,0.6836740950487828,0.0059150513374190295
239.99999999999997,0.03662346849615934,0.012806409375767831,0.005499145625391565
240.5,-0.5531566624991987,-0.5729145096821885,0.004559776727271921
241.00000000000003,-1.0028132839553958,-1.0158963287066118,0.0030170244664001846
241.5,-1.2572205014604196,-1.261356607388048,0.0009528272369268816
242.0,-1.282649307101042,-1.2767856358197884,0.001349249152019287
242.49999999999997,-1.0818789527296353,-1.0666227075722428,0.0035067173222357263
243.0,-0.6928354350147268,-0.6700938353037129,0.005222760560337477
243.50000000000003,-0.1719596640291278,-0.1441218858022055,0.006389385825034609
244.0,0.42454701196519806,0.4552948513808311,0.007054947853607951
244.5,1.0516281641477756,1.0836082936134752,0.007336651347570583
245.00000000000003,1.6778638478091836,1.709924065294932,0.007354956832087065
245.5,2.283438364523301,2.314846550102832,0.007205913992310569
246.00000000000003,2.8569124336490868,2.887232862864569,0.006957222520862343
246.49999999999997,3.3923630505765194,3.4213549725824226,0.006653404179524266
247.0,3.8872934156442858,3.914838767404572,0.006322480111143801
247.50000000000003,4.34123998354833,4.36729530794904,0.005981499331107082
248.0,4.754889464333905,4.779455094803468,0.005640477885089343
248.5,5.129535841049999,5.1526365747107565,0.005305018917952524
248.99999999999997,5.46675380792194,5.488426960791989,0.004977996374598019
249.5,5.768206593998655,5.78849471575277,0.00466061812753604
250.00000000000003,6.035536066716131,6.054482569730018,0.004353091252443804
250.5,6.270302742380796,6.287949344290379,0.004055036296316983
251.0,6.473955813254558,6.490341103905106,0.0037657443335532225
251.49999999999997,6.647821044047305,6.662979746828064,0.00348433586939463
252.0,6.793099154421719,6.807061814311382,0.0032098586053775167
252.50000000000003,6.910870229764553,6.923663162201887,0.002941347289514676
253.0,7.002101503414655,7.013746902291826,0.0026778603039462204
253.5,7.06765696858588,7.07817311254911,0.0024185023318197434
254.00000000000003,7.108307975798702,7.117709498541153,0.002162439164150621
254.5,7.124744416105992,7.133042624033543,0.0019089086990740408
255.00000000000003,7.11758638307156,7.124789616140451,0.0016572309822788503
255.49999999999997,7.087396410440058,7.093510451391096,0.001406819455612784
256.0,7.034692537684774,7.03972108283041,0.0011571952417829482
256.5,6.959962587887551,6.963907800122007,0.0009080062006321171
257.0,6.86368016860516,6.866543341124974,0.0006590525656699706
257.5,6.746323037308493,6.748105405233222,0.0004103211766024666
258.0,6.608394614584535,6.609098361602944,0.00016203061100521544
258.5,6.450449581138274,6.450079099615787,8.531016179565726e-5
259.0,6.273124652015919,6.27168812742971,0.0003308267208860075
259.5,6.07717576536709,6.074687168584518,0.0005731847930611206
260.0,5.863523017500865,5.86000459928959,0.0008104739891129431
260.50000000000006,5.633304657248155,5.628790044697038,0.001040068452541098
261.0,5.387941215680967,5.382479203393449,0.0012584660117170776
261.5,5.129210229996209,5.122869329504014,0.0014611126814683452
262.0,4.859330789961825,4.852204533285708,0.0016422282213931821
262.5,4.581054988191787,4.573267855037208,0.00179466215384576
263.0,4.297759954681143,4.289473583585787,0.001909828860377833
263.5,4.01352924504817,4.004948277658688,0.0019777940190339855
264.0,3.7332059968478637,3.724582493372161,0.0019876077339970543
264.5,3.4623932630842185,3.454028166794265,0.0019279907906880373
265.0,3.207371312190191,3.1996110662105655,0.0017884600614653412
265.5,2.974901078059706,2.968127447532589,0.0015609030106344217
266.0,2.771892173844252,2.7665039089180303,0.0012414638286395233
266.5,2.6049370502222278,2.601323480925509,0.000832401333367666
267.0,2.479749714515966,2.4782586250247887,0.00034339499003588727
267.5,2.4005894231545826,2.401494011662198,0.00020826751060309224
268.0,2.369779788760339,2.3732511021400047,0.0007989800894046686
268.5,2.3874327894132534,2.3935236774373596,0.001401495782958325
269.0,2.4514467623383456,2.460090844139792,0.0019883939102664956
269.50000000000006,2.5577790306352783,2.5688042937924385,0.0025354409853594303
270.0,2.7009251076191787,2.714078199586279,0.003024029732150146
270.5,2.8744953710267627,2.889470777473101,0.0034422764993874647
271.0,3.0717784823297976,3.0882469937332018,0.0037848342768728453
271.5,3.286210468032017,3.303842999664526,0.004051809627576564
272.0,3.5117103348914953,3.5301952775577314,0.00424727007039158
272.5,3.7428801182738787,3.7619341596465294,0.004377744779792347
273.0,3.9750906905825683,3.9944641190741974,0.004450961743054452
273.5,4.204484102707718,4.223962022867948,0.004474914460181191
274.0,4.42792275608616,4.447323616383684,0.004457250015842647
274.5,4.642910137147911,4.662082720493899,0.004404920215131324
275.0,4.84750084594274,4.866320561288491,0.004324023972571505
275.5,5.040211278070329,5.058576306434716,0.004219775675027127
276.0,5.219937384780536,5.237765009784997,0.004096548516667129
276.5,5.385882515097028,5.403105810070662,0.003957956785660386
277.0,5.537496182730096,5.554061123410556,0.0038069536557148115
277.5,5.6744233625593115,5.6902863723847315,0.0036459303920028034
278.0,5.796463301944547,5.811589203075825,0.003476809298756605
278.50000000000006,5.903536596833327,5.917896924307899,0.003301126857040369
279.0,5.9956592681870795,6.009230899822027,0.0031201059897699567
279.5,6.0729226744834355,6.085686730519457,0.0029347177874820113
280.0,6.135478246071382,6.147419217051022,0.002745733736165707
280.5,6.183526189710264,6.1946312568883934,0.0025537697817273972
281.0,6.217307466945705,6.2275659855981305,0.002359323623134844
281.5,6.237098488788341,6.246501610571448,0.0021628065606066316
282.0,6.243208088122495,6.25174850389268,0.0019645711030541356
282.5,6.235976430135674,6.243648219272805,0.0017649353968788469
283.0,6.215775600942548,6.2225741772237075,0.0015642053933694643
283.5,6.183011676936216,6.188933824415701,0.0013626955365705917
284.0,6.138128123509795,6.1431721186823465,0.0011607486189060775
284.5,6.081610402339801,6.085776221121955,0.000958755322927878
285.0,6.0139916814345895,6.0172812910821225,0.0007571738127452621
285.5,5.935859540837189,5.9382772780010455,0.0005565496239980684
286.0,5.847863547722913,5.849416583691224,0.00035753581578324567
286.5,5.7507235354674044,5.75142242892837,0.00016091321855993629
287.0,5.645238359544743,5.6450976947748535,3.238978476345282e-5
287.50000000000006,5.5322948164167975,5.531333920921728,0.00022127884283945596
288.0,5.412876298310411,5.411120028021057,0.00040447795791155356
288.5,5.288070617465123,5.285550189368164,0.0005805184520550797
289.0,5.159076272193205,5.155830113568072,0.0007477350605563408
289.5,5.0272062538013635,5.023280824123408,0.0009042721937960824
290.0,4.893888325923225,4.889338852504119,0.001048103844928471
290.5,4.760660573948529,4.755551626708897,0.0011770707801683565
291.0,4.629160960796824,4.623566777235116,0.0012889383355742573
291.5,4.5011096845075045,4.495114145930569,0.0013814771367814914
292.0,4.3782833654132185,4.371979523638764,0.0014525671650259455
292.5,4.262480542091592,4.255969606308441,0.0015003227272543343
293.0,4.155478649822843,4.148868369802664,0.0015232321648701674
293.5,4.058983575715993,4.05238600201155,0.0015203019752592847
294.0,3.9745739553903308,3.968102618209064,0.0014911911740294675
294.5,3.9036434555497572,3.897410075997627,0.0014363192033456343
295.0,3.847345178556574,3.8414560986632558,0.0013569305556729464
295.5,3.8065428124945266,3.8010953903999645,0.0012551022734501498
296.0,3.7817730515708243,3.7768523016264135,0.0011336866843083097
296.50000000000006,3.773223041742739,3.7688987957237154,0.0009961903104594172
297.0,3.7807252211450115,3.7770500430628013,0.0008465991895807492
297.5,3.8037701279097993,3.800778136684867,0.0006891688070606559
298.0,3.841535849119577,3.839242504298853,0.0005282016090964999
298.5,3.8929311207695743,3.8913339245825607,0.0003678356480272539
299.0,3.956647934643003,3.955727916619753,0.00021186441865866788
299.5,4.03121901037197,4.030942801230818,6.360152758783252e-5
300.0,4.115075645351533,4.115397920333488,7.420380369090657e-5
300.5,4.206602130594779,4.207468206946082,0.0001994015664550676
301.0,4.304183913766114,4.305532315439405,0.0003104327650034396
301.5,4.406247787301321,4.408012632456154,0.0004062880571415914
302.0,4.511293402582023,4.513406516680923,0.000486444150053879
302.5,4.6179162454624185,4.620308947257664,0.0005507882090254924
303.0,4.724822803592332,4.727427348423806,0.0005995388150366936
303.5,4.830839013627264,4.833589706165578,0.000633169826744834
304.0,4.934913231552586,4.937747238426949,0.0006523413310494621
304.5,5.036114972148962,5.038972874959383,0.0006578399691965284
305.0,5.133630565667354,5.136456698797701,0.0006505295155397832
305.50000000000006,5.226756725752145,5.229499342386076,0.0006313114567208386
306.0,5.314892846801673,5.3175041532809075,0.0006010948073211817
306.5,5.397532674687358,5.399968768163389,0.0005607739597812501
307.0,5.474255836192681,5.476476575020548,0.000511213297979694
307.5,5.544719576644863,5.546688407509314,0.0004532373168323712
308.0,5.608650944043462,5.610334704830277,0.000387625102759107
308.5,5.665839570537779,5.667208283635569,0.00031510818054123775
309.0,5.71613113568184,5.717157802781877,0.00023637089599822607
309.5,5.759421547150746,5.7600819536788626,0.00015205266151776904
310.0,5.795651840102812,5.79592437509318,6.275153165461601e-5
310.5,5.824803772923813,5.824669268354249,3.0971301282779885e-5
311.0,5.8468960819711295,5.846337674214946,0.00012858640404289892
311.5,5.861981348834328,5.860984363873793,0.00022959062270044479
312.0,5.870143428743053,5.868695292040651,0.0003335013975865654
312.5,5.871495386631685,5.869585558007503,0.0004398509981155231
313.0,5.86617788692675,5.863797820381105,0.0005481807710251388
313.5,5.854357983534573,5.8515011116325555,0.0006580354758296799
314.0,5.836228257155592,5.83288999931865,0.0007689577697440028
314.50000000000006,5.812006247516788,5.80818404130044,0.0008804829033013182
315.0,5.781934128076362,5.777627482233852,0.0009921336911206107
315.5,5.746278570026985,5.741489137829152,0.001103415834072512
316.0,5.705330740909264,5.700062411800147,0.0012138136834135467
316.5,5.659406380822997,5.653665388011402,0.0013227865580785875
317.0,5.608845896154886,5.602640937174098,0.0014297657470125913
317.5,5.554014407101068,5.547356773693105,0.0015341523534787307
318.0,5.495301681282036,5.48820539419501,0.0016353161597231465
318.5,5.433121881813216,5.42560382523888,0.001732595712150005
319.0,5.367913054760722,5.35999310421912,0.0018252998408308841
319.5,5.30013627859225,5.2918374151241965,0.001912710833213038
320.0,5.230274397728762,5.221622800341867,0.0019940894746333913
320.5,5.158830264421215,5.149855371923815,0.0020686821441137566
321.0,5.0863244187743035,5.077058951514672,0.002135730108640456
321.5,5.01329214666214,5.003772078376252,0.0021944810886603268
322.0,4.94027987029021,4.930544340358573,0.0022442030717386126
322.5,4.867840846777064,4.857932003823048,0.002284200226946738
323.0,4.79653017656563,4.786492945593065,0.0023138306251987194
323.50000000000006,4.726899155427692,4.716780922672677,0.0023325253052801954
324.0,4.659489040399012,4.649339252780582,0.0023398080551548218
324.5,4.594824339566868,4.584694019063418,0.0023353151082321916
325.0,4.533405775925922,4.523346953196148,0.002318813827053107
325.5,4.475703113545987,4.465768189566582,0.002290219340533251
326.0,4.4221480666882105,4.412389115707721,0.0022496080848611643
326.5,4.373127535701334,4.363595567146364,0.002197227243823314
327.0,4.328977424298733,4.319721624995711,0.0021334992274353957
327.5,4.289977288611537,4.281044269441176,0.002059020555235575
328.0,4.2563460478829045,4.247779120431352,0.001974554815248647
328.5,4.228238949928566,4.220077458621686,0.0018810197242119077
329.0,4.205745933341183,4.1980246668490695,0.001779468691057482
329.5,4.188891466230432,4.181640168674172,0.0016710676458089179
330.0,4.177635872699036,4.170878870617999,0.0015570682003198035
330.5,4.171878088682525,4.165634044181325,0.001438778428802118
331.0,4.171459723740552,4.165741518185695,0.0013175326714868851
331.5,4.176170249850629,4.170984996427382,0.0011946617641033959
332.0,4.185753096111103,4.181102273932943,0.0010714649906746984
332.50000000000006,4.199912401836708,4.195792099534031,0.0009491848571700792
333.0,4.218320170572413,4.214721423630372,0.0008289855249408998
333.5,4.240623573144001,4.2375327768786235,0.000711935446435949
334.0,4.266452166877222,4.263851545833074,0.0005989944504479347
334.5,4.295424827466418,4.2932929420950625,0.0004910052512404283
335.0,4.327156226189547,4.325468498746242,0.000388689125248438
335.5,4.361262724746639,4.359991968180312,0.00029264532493571664
336.0,4.3973675998183985,4.3964845357762545,0.00020335368351755755
336.5,4.43510554691636,4.434579301604128,0.0001211798027996435
337.0,4.474126446396676,4.473925015700784,4.638220738455895e-5
337.5,4.514098402451724,4.514189080288033,2.0879125443067095e-5
338.0,4.554710088011633,4.5550598541760925,8.053339264409617e-5
338.5,4.595672444771427,4.5962483105706085,0.00013258920974975344
339.0,4.636719798464074,4.637489110045205,0.00017712484939939427
339.5,4.677610455666938,4.678541156256555,0.00021427876939375046
340.0,4.718126850693258,4.719187703899625,0.00024424064627930113
340.5,4.758075310301835,4.759236087281468,0.0002672430611691044
341.0,4.797285500877308,4.7985171345479944,0.00028355392400026413
341.50000000000006,4.835609618097464,4.8368843277524,0.000293469674283573
342.0,4.87292137353674,4.874212763215545,0.0002973092572070939
342.5,4.909114826634899,4.910397960488478,0.0002954088465684802
343.0,4.944103104379044,4.945354562056564,0.00028811726552341327
343.5,4.977817045166634,4.979014959990052,0.0002757920438882914
344.0,5.010203797830661,5.011327880232486,0.0002587960446985243
344.5,5.041225401812693,5.042256950210183,0.00023749458996979346
345.0,5.070857370037451,5.071779271023039,0.00021225301780372166
345.5,5.099087292157335,5.0998840116080455,0.00018343460686512934
346.0,5.12591347249482,5.126571038953985,0.00015139881069597302
346.5,5.151343614169136,5.151849595626642,0.00011649974951560988
347.0,5.175393558482819,5.175737033492577,7.908491635155996e-5
347.5,5.198086086624075,5.198257610536135,3.9494060389291114e-5
348.0,5.219449789040249,5.219441355994547,1.941782417301831e-6
348.5,5.239518006393599,5.239323007624397,4.490113393727569e-5
349.0,5.25832784478804,5.257941023711162,8.90728112751577e-5
349.5,5.275919266890393,5.275336671392555,0.00013415656904445584
350.0,5.292334259633183,5.291553191949693,0.00017986365398975804
350.50000000000006,5.307616078347518,5.306635042894444,0.00022591727645962569
351.0,5.32180856640562,5.320627215927657,0.00027205299972305136
351.5,5.334955548750154,5.333574629140427,0.00031801904813682504
352.0,5.347100297019752,5.345521591176698,0.0003635765319755582
352.5,5.3582850633742805,5.356511334461472,0.0004084995886061394
353.0,5.368550679548269,5.366585614030772,0.00045257543810926445
353.5,5.377936217152496,5.375784367976153,0.0004956043548579517
354.0,5.3864787047837,5.384145435062189,0.0005373995552974397
354.5,5.394212897116165,5.391704324673024,0.0005777870058713486
355.0,5.401171090844146,5.398494033931172,0.0006166051569420197
355.5,5.407382982117074,5.404544906604622,0.000653704608563615
356.0,5.41287555999855,5.409884528285022,0.0006889477191578432
356.5,5.417673030451846,5.41453765229419,0.0007222081674940264
357.0,5.421796765448574,5.418526150858508,0.0007533704810935719
357.5,5.425265271998697,5.421868986286025,0.0007823295456017124
358.0,5.428094176208224,5.424582197183467,0.0008089901110526401
358.5,5.430296217882472,5.426678895166392,0.0008332663098970197
359.0,5.431881251711812,5.4281692680231854,0.0008550812043520348
359.50000000000006,5.4328562516676175,5.429060585893376,0.0008743663785811091
360.0,5.433225315919412,5.429357207713853,0.0008910615889243967
